Workbook

Sheet 📊 Dashboard
B2: Implementation Tracker Dashboard
B3: All data pulled live from Customers, Milestones & Action Items sheets | Built by Amitesh Anirudhan
B5: Total Customers | D5: Active Implementations | F5: Avg. Progress | H5: Overdue Actions
B6: =COUNTA('🗂 Customers'!B4:B103) -> 4 | D6: =COUNTIF('🗂 Customers'!F4:F103,"<>Completed") -> 100 | F6: =IFERROR(AVERAGE('📈 Progress'!I6:I9),0) -> 0.50892857 | H6: =COUNTIFS('✅ Action Items'!F5:F504,"<>Complete",'✅ Action Items'!E5:E504,"<"&TODAY(),'✅ Action Items'!B5:B504,"<>""") -> 0
B10: CUSTOMER OVERVIEW — Live from all sheets
B11: Customer | C11: Stage | D11: Go-Live | E11: Milestones Done | F11: Actions Open | G11: Overall % | H11: CSM Owner
B12: ='🗂 Customers'!B4 -> Sunrise Senior Living | C12: ='🗂 Customers'!F4 -> Configuration | D12: ='🗂 Customers'!D4 -> 2025-08-15 | E12: =COUNTIFS('🏁 Milestones'!$B$5:$B$504,$B12,'🏁 Milestones'!$G$5:$G$504,"Complete")&" / "&COUNTIF('🏁 Milestones'!$B$5:$B$504,$B12) -> 2 / 7 | F12: =COUNTIFS('✅ Action Items'!$B$5:$B$504,$B12,'✅ Action Items'!$F$5:$F$504,"<>Complete") -> 2 | G12: ='📈 Progress'!I6 -> 0.28571429 | H12: ='🗂 Customers'!G4 -> Amitesh A.
B13: ='🗂 Customers'!B5 -> Brightview Communities | C13: ='🗂 Customers'!F5 -> Data Migration | D13: ='🗂 Customers'!D5 -> 2025-09-01 | E13: =COUNTIFS('🏁 Milestones'!$B$5:$B$504,$B13,'🏁 Milestones'!$G$5:$G$504,"Complete")&" / "&COUNTIF('🏁 Milestones'!$B$5:$B$504,$B13) -> 2 / 4 | F13: =COUNTIFS('✅ Action Items'!$B$5:$B$504,$B13,'✅ Action Items'!$F$5:$F$504,"<>Complete") -> 2 | G13: ='📈 Progress'!I7 -> 0.5 | H13: ='🗂 Customers'!G5 -> Amitesh A.
B14: ='🗂 Customers'!B6 -> Atria Senior Living | C14: ='🗂 Customers'!F6 -> Training | D14: ='🗂 Customers'!D6 -> 2025-07-30 | E14: =COUNTIFS('🏁 Milestones'!$B$5:$B$504,$B14,'🏁 Milestones'!$G$5:$G$504,"Complete")&" / "&COUNTIF('🏁 Milestones'!$B$5:$B$504,$B14) -> 3 / 4 | F14: =COUNTIFS('✅ Action Items'!$B$5:$B$504,$B14,'✅ Action Items'!$F$5:$F$504,"<>Complete") -> 1 | G14: ='📈 Progress'!I8 -> 0.75 | H14: ='🗂 Customers'!G6 -> Amitesh A.
B15: ='🗂 Customers'!B7 -> Brookdale Senior | C15: ='🗂 Customers'!F7 -> Discovery | D15: ='🗂 Customers'!D7 -> 2025-10-01 | E15: =COUNTIFS('🏁 Milestones'!$B$5:$B$504,$B15,'🏁 Milestones'!$G$5:$G$504,"Complete")&" / "&COUNTIF('🏁 Milestones'!$B$5:$B$504,$B15) -> 1 / 2 | F15: =COUNTIFS('✅ Action Items'!$B$5:$B$504,$B15,'✅ Action Items'!$F$5:$F$504,"<>Complete") -> 1 | G15: ='📈 Progress'!I9 -> 0.5 | H15: ='🗂 Customers'!G7 -> Amitesh A.

Sheet 🗂 Customers
B2: CUSTOMER REGISTRY - Master List (all other sheets pull from here)
B3: Customer Name | C3: Contract Start | D3: Go-Live Target | E3: Implementation Type | F3: Stage | G3: CSM Owner | H3: Tech Contact | I3: Notes
B4: Sunrise Senior Living | C4: 2025-03-01 | D4: 2025-08-15 | E4: Full Implementation | F4: Configuration | G4: Amitesh A. | H4: John Smith | I4: On track
B5: Brightview Communities | C5: 2025-03-15 | D5: 2025-09-01 | E5: Full Implementation | F5: Data Migration | G5: Amitesh A. | H5: Sarah Lee | I5: Data delay
B6: Atria Senior Living | C6: 2025-02-01 | D6: 2025-07-30 | E6: Full Implementation | F6: Training | G6: Amitesh A. | H6: Mike Brown | I6: Training May
B7: Brookdale Senior | C7: 2025-04-01 | D7: 2025-10-01 | E7: Integration Only | F7: Discovery | G7: Amitesh A. | H7: Emily Davis | I7: Kickoff done

Sheet 🏁 Milestones
B2: IMPLEMENTATION MILESTONES - Add customer name (dropdown from Customers sheet)
B4: Customer | C4: Milestone | D4: Phase | E4: Due Date | F4: Completed | G4: Status | H4: Owner | I4: Notes
B5: Sunrise Senior Living | C5: Kickoff Call | D5: Discovery | E5: 2025-03-05 | F5: 2025-03-05 | G5: Complete | H5: Amitesh A. | I5: All attended
B6: Sunrise Senior Living | C6: Requirements Sign-off | D6: Discovery | E6: 2025-03-15 | F6: 2025-03-16 | G6: Complete | H6: Amitesh A. | I6: Signed by COO
B7: Sunrise Senior Living | C7: System Configuration | D7: Configuration | E7: 2025-04-30 | G7: In Progress | H7: Amitesh A. | I7: 75% done
B8: Sunrise Senior Living | C8: Data Migration | D8: Data Migration | E8: 2025-05-31 | G8: Not Started | H8: Amitesh A. | I8: Awaiting data
B9: Sunrise Senior Living | C9: Training | D9: Training | E9: 2025-07-15 | G9: Not Started | H9: Amitesh A.
B10: Sunrise Senior Living | C10: UAT Sign-off | D10: UAT | E10: 2025-08-01 | G10: Not Started | H10: Amitesh A.
B11: Sunrise Senior Living | C11: Go-Live | D11: Go-Live | E11: 2025-08-15 | G11: Not Started | H11: Amitesh A.
B12: Brightview Communities | C12: Kickoff Call | D12: Discovery | E12: 2025-03-20 | F12: 2025-03-20 | G12: Complete | H12: Amitesh A.
B13: Brightview Communities | C13: Requirements Sign-off | D13: Discovery | E13: 2025-04-01 | F13: 2025-04-03 | G13: Complete | H13: Amitesh A. | I13: Minor delays
B14: Brightview Communities | C14: Data Export | D14: Data Migration | E14: 2025-04-20 | G14: Blocked | H14: Amitesh A. | I14: IT delay
B15: Brightview Communities | C15: Data Migration | D15: Data Migration | E15: 2025-05-15 | G15: Not Started | H15: Amitesh A. | I15: Blocked
B16: Atria Senior Living | C16: Kickoff Call | D16: Discovery | E16: 2025-02-05 | F16: 2025-02-05 | G16: Complete | H16: Amitesh A.
B17: Atria Senior Living | C17: Configuration | D17: Configuration | E17: 2025-03-01 | F17: 2025-03-02 | G17: Complete | H17: Amitesh A.
B18: Atria Senior Living | C18: Data Migration | D18: Data Migration | E18: 2025-03-31 | F18: 2025-04-01 | G18: Complete | H18: Amitesh A.
B19: Atria Senior Living | C19: Training Prep | D19: Training | E19: 2025-05-01 | G19: In Progress | H19: Amitesh A. | I19: Deck 50% done
B20: Brookdale Senior | C20: Kickoff Call | D20: Discovery | E20: 2025-04-05 | F20: 2025-04-05 | G20: Complete | H20: Amitesh A.
B21: Brookdale Senior | C21: Requirements | D21: Discovery | E21: 2025-04-20 | G21: In Progress | H21: Amitesh A.

Sheet ✅ Action Items
B2: ACTION ITEMS - Customer dropdown pulls from Customers sheet. Overdue rows highlight red.
B4: Customer | C4: Action Item | D4: Owner | E4: Due Date | F4: Status | G4: Priority | H4: Notes
B5: Sunrise Senior Living | C5: Complete EHR field mapping document | D5: Amitesh A. | E5: 2025-04-25 | F5: In Progress | G5: 🔴 High | H5: Send to client
B6: Sunrise Senior Living | C6: Schedule config review call | D6: Amitesh A. | E6: 2025-04-22 | F6: Open | G6: 🟡 Medium
B7: Brightview Communities | C7: Follow up on data export timeline | D7: Amitesh A. | E7: 2025-04-20 | F7: Open | G7: 🔴 High | H7: Escalate if no reply
B8: Brightview Communities | C8: Send data migration template | D8: Amitesh A. | E8: 2025-04-24 | F8: Open | G8: 🟡 Medium
B9: Atria Senior Living | C9: Confirm training attendee list | D9: Amitesh A. | E9: 2025-04-23 | F9: Complete | G9: 🟢 Low | H9: 12 confirmed
B10: Atria Senior Living | C10: Prepare training materials | D10: Amitesh A. | E10: 2025-05-01 | F10: In Progress | G10: 🟡 Medium | H10: 50% done
B11: Brookdale Senior | C11: Send integration spec document | D11: Amitesh A. | E11: 2025-04-21 | F11: Open | G11: 🔴 High | H11: Blocking go-live

Sheet 📈 Progress
B2: PROGRESS TRACKER - Auto-calculated from 🏁 Milestones sheet via COUNTIFS
B3: Customer names pulled from 🗂 Customers sheet. Progress = Complete milestones / Total milestones per phase.
B5: Customer | C5: Discovery | D5: Configuration | E5: Data Migration | F5: Training | G5: UAT | H5: Go-Live | I5: Overall %
B6: ='🗂 Customers'!B4 -> Sunrise Senior Living | C6: =IFERROR(COUNTIFS('🏁 Milestones'!$D$5:$D$504,"Discovery",'🏁 Milestones'!$B$5:$B$504,$B6,'🏁 Milestones'!$G$5:$G$504,"Complete")/COUNTIFS('🏁 Milestones'!$D$5:$D$504,"Discovery",'🏁 Milestones'!$B$5:$B$504,$B6),"") -> 1 | D6: =IFERROR(COUNTIFS('🏁 Milestones'!$D$5:$D$504,"Configuration",'🏁 Milestones'!$B$5:$B$504,$B6,'🏁 Milestones'!$G$5:$G$504,"Complete")/COUNTIFS('🏁 Milestones'!$D$5:$D$504,"Configuration",'🏁 Milestones'!$B$5:$B$504,$B6),"") -> 0 | E6: =IFERROR(COUNTIFS('🏁 Milestones'!$D$5:$D$504,"Data Migration",'🏁 Milestones'!$B$5:$B$504,$B6,'🏁 Milestones'!$G$5:$G$504,"Complete")/COUNTIFS('🏁 Milestones'!$D$5:$D$504,"Data Migration",'🏁 Milestones'!$B$5:$B$504,$B6),"") -> 0 | F6: =IFERROR(COUNTIFS('🏁 Milestones'!$D$5:$D$504,"Training",'🏁 Milestones'!$B$5:$B$504,$B6,'🏁 Milestones'!$G$5:$G$504,"Complete")/COUNTIFS('🏁 Milestones'!$D$5:$D$504,"Training",'🏁 Milestones'!$B$5:$B$504,$B6),"") -> 0 | G6: =IFERROR(COUNTIFS('🏁 Milestones'!$D$5:$D$504,"UAT",'🏁 Milestones'!$B$5:$B$504,$B6,'🏁 Milestones'!$G$5:$G$504,"Complete")/COUNTIFS('🏁 Milestones'!$D$5:$D$504,"UAT",'🏁 Milestones'!$B$5:$B$504,$B6),"") -> 0 | H6: =IFERROR(COUNTIFS('🏁 Milestones'!$D$5:$D$504,"Go-Live",'🏁 Milestones'!$B$5:$B$504,$B6,'🏁 Milestones'!$G$5:$G$504,"Complete")/COUNTIFS('🏁 Milestones'!$D$5:$D$504,"Go-Live",'🏁 Milestones'!$B$5:$B$504,$B6),"") -> 0 | I6: =IFERROR(COUNTIFS('🏁 Milestones'!$B$5:$B$504,$B6,'🏁 Milestones'!$G$5:$G$504,"Complete")/COUNTIF('🏁 Milestones'!$B$5:$B$504,$B6),"") -> 0.28571429
B7: ='🗂 Customers'!B5 -> Brightview Communities | C7: =IFERROR(COUNTIFS('🏁 Milestones'!$D$5:$D$504,"Discovery",'🏁 Milestones'!$B$5:$B$504,$B7,'🏁 Milestones'!$G$5:$G$504,"Complete")/COUNTIFS('🏁 Milestones'!$D$5:$D$504,"Discovery",'🏁 Milestones'!$B$5:$B$504,$B7),"") -> 1 | D7: =IFERROR(COUNTIFS('🏁 Milestones'!$D$5:$D$504,"Configuration",'🏁 Milestones'!$B$5:$B$504,$B7,'🏁 Milestones'!$G$5:$G$504,"Complete")/COUNTIFS('🏁 Milestones'!$D$5:$D$504,"Configuration",'🏁 Milestones'!$B$5:$B$504,$B7),"") | E7: =IFERROR(COUNTIFS('🏁 Milestones'!$D$5:$D$504,"Data Migration",'🏁 Milestones'!$B$5:$B$504,$B7,'🏁 Milestones'!$G$5:$G$504,"Complete")/COUNTIFS('🏁 Milestones'!$D$5:$D$504,"Data Migration",'🏁 Milestones'!$B$5:$B$504,$B7),"") -> 0 | F7: =IFERROR(COUNTIFS('🏁 Milestones'!$D$5:$D$504,"Training",'🏁 Milestones'!$B$5:$B$504,$B7,'🏁 Milestones'!$G$5:$G$504,"Complete")/COUNTIFS('🏁 Milestones'!$D$5:$D$504,"Training",'🏁 Milestones'!$B$5:$B$504,$B7),"") | G7: =IFERROR(COUNTIFS('🏁 Milestones'!$D$5:$D$504,"UAT",'🏁 Milestones'!$B$5:$B$504,$B7,'🏁 Milestones'!$G$5:$G$504,"Complete")/COUNTIFS('🏁 Milestones'!$D$5:$D$504,"UAT",'🏁 Milestones'!$B$5:$B$504,$B7),"") | H7: =IFERROR(COUNTIFS('🏁 Milestones'!$D$5:$D$504,"Go-Live",'🏁 Milestones'!$B$5:$B$504,$B7,'🏁 Milestones'!$G$5:$G$504,"Complete")/COUNTIFS('🏁 Milestones'!$D$5:$D$504,"Go-Live",'🏁 Milestones'!$B$5:$B$504,$B7),"") | I7: =IFERROR(COUNTIFS('🏁 Milestones'!$B$5:$B$504,$B7,'🏁 Milestones'!$G$5:$G$504,"Complete")/COUNTIF('🏁 Milestones'!$B$5:$B$504,$B7),"") -> 0.5
B8: ='🗂 Customers'!B6 -> Atria Senior Living | C8: =IFERROR(COUNTIFS('🏁 Milestones'!$D$5:$D$504,"Discovery",'🏁 Milestones'!$B$5:$B$504,$B8,'🏁 Milestones'!$G$5:$G$504,"Complete")/COUNTIFS('🏁 Milestones'!$D$5:$D$504,"Discovery",'🏁 Milestones'!$B$5:$B$504,$B8),"") -> 1 | D8: =IFERROR(COUNTIFS('🏁 Milestones'!$D$5:$D$504,"Configuration",'🏁 Milestones'!$B$5:$B$504,$B8,'🏁 Milestones'!$G$5:$G$504,"Complete")/COUNTIFS('🏁 Milestones'!$D$5:$D$504,"Configuration",'🏁 Milestones'!$B$5:$B$504,$B8),"") -> 1 | E8: =IFERROR(COUNTIFS('🏁 Milestones'!$D$5:$D$504,"Data Migration",'🏁 Milestones'!$B$5:$B$504,$B8,'🏁 Milestones'!$G$5:$G$504,"Complete")/COUNTIFS('🏁 Milestones'!$D$5:$D$504,"Data Migration",'🏁 Milestones'!$B$5:$B$504,$B8),"") -> 1 | F8: =IFERROR(COUNTIFS('🏁 Milestones'!$D$5:$D$504,"Training",'🏁 Milestones'!$B$5:$B$504,$B8,'🏁 Milestones'!$G$5:$G$504,"Complete")/COUNTIFS('🏁 Milestones'!$D$5:$D$504,"Training",'🏁 Milestones'!$B$5:$B$504,$B8),"") -> 0 | G8: =IFERROR(COUNTIFS('🏁 Milestones'!$D$5:$D$504,"UAT",'🏁 Milestones'!$B$5:$B$504,$B8,'🏁 Milestones'!$G$5:$G$504,"Complete")/COUNTIFS('🏁 Milestones'!$D$5:$D$504,"UAT",'🏁 Milestones'!$B$5:$B$504,$B8),"") | H8: =IFERROR(COUNTIFS('🏁 Milestones'!$D$5:$D$504,"Go-Live",'🏁 Milestones'!$B$5:$B$504,$B8,'🏁 Milestones'!$G$5:$G$504,"Complete")/COUNTIFS('🏁 Milestones'!$D$5:$D$504,"Go-Live",'🏁 Milestones'!$B$5:$B$504,$B8),"") | I8: =IFERROR(COUNTIFS('🏁 Milestones'!$B$5:$B$504,$B8,'🏁 Milestones'!$G$5:$G$504,"Complete")/COUNTIF('🏁 Milestones'!$B$5:$B$504,$B8),"") -> 0.75
B9: ='🗂 Customers'!B7 -> Brookdale Senior | C9: =IFERROR(COUNTIFS('🏁 Milestones'!$D$5:$D$504,"Discovery",'🏁 Milestones'!$B$5:$B$504,$B9,'🏁 Milestones'!$G$5:$G$504,"Complete")/COUNTIFS('🏁 Milestones'!$D$5:$D$504,"Discovery",'🏁 Milestones'!$B$5:$B$504,$B9),"") -> 0.5 | D9: =IFERROR(COUNTIFS('🏁 Milestones'!$D$5:$D$504,"Configuration",'🏁 Milestones'!$B$5:$B$504,$B9,'🏁 Milestones'!$G$5:$G$504,"Complete")/COUNTIFS('🏁 Milestones'!$D$5:$D$504,"Configuration",'🏁 Milestones'!$B$5:$B$504,$B9),"") | E9: =IFERROR(COUNTIFS('🏁 Milestones'!$D$5:$D$504,"Data Migration",'🏁 Milestones'!$B$5:$B$504,$B9,'🏁 Milestones'!$G$5:$G$504,"Complete")/COUNTIFS('🏁 Milestones'!$D$5:$D$504,"Data Migration",'🏁 Milestones'!$B$5:$B$504,$B9),"") | F9: =IFERROR(COUNTIFS('🏁 Milestones'!$D$5:$D$504,"Training",'🏁 Milestones'!$B$5:$B$504,$B9,'🏁 Milestones'!$G$5:$G$504,"Complete")/COUNTIFS('🏁 Milestones'!$D$5:$D$504,"Training",'🏁 Milestones'!$B$5:$B$504,$B9),"") | G9: =IFERROR(COUNTIFS('🏁 Milestones'!$D$5:$D$504,"UAT",'🏁 Milestones'!$B$5:$B$504,$B9,'🏁 Milestones'!$G$5:$G$504,"Complete")/COUNTIFS('🏁 Milestones'!$D$5:$D$504,"UAT",'🏁 Milestones'!$B$5:$B$504,$B9),"") | H9: =IFERROR(COUNTIFS('🏁 Milestones'!$D$5:$D$504,"Go-Live",'🏁 Milestones'!$B$5:$B$504,$B9,'🏁 Milestones'!$G$5:$G$504,"Complete")/COUNTIFS('🏁 Milestones'!$D$5:$D$504,"Go-Live",'🏁 Milestones'!$B$5:$B$504,$B9),"") | I9: =IFERROR(COUNTIFS('🏁 Milestones'!$B$5:$B$504,$B9,'🏁 Milestones'!$G$5:$G$504,"Complete")/COUNTIF('🏁 Milestones'!$B$5:$B$504,$B9),"") -> 0.5

Sheet 📖 How To Use
B2: How To Use Implementation Tracker
B3: Built by Amitesh Anirudhan | github.com/amitesh0109 | All sheets are connected via VLOOKUP/COUNTIFS
B5: DATA FLOW — How sheets connect
B6: 🗂 Customers is the master | C6: Add all customers here first. Every other sheet pulls customer names from this sheet automatically.
B7: 🏁 Milestones feeds Progress | C7: The 📈 Progress sheet uses COUNTIFS on Milestones to calculate phase completion % per customer automatically.
B8: ✅ Action Items feeds Dashboard | C8: Open action count per customer on the Dashboard is a live COUNTIFS from the Action Items sheet.
B9: 📊 Dashboard is read-only | C9: Do not edit the Dashboard directly it pulls everything live from the other sheets.
B11: HOW TO ADD A NEW CUSTOMER
B12: Step 1 - Customers sheet | C12: Add a new row in 🗂 Customers with name, dates, stage, and owner.
B13: Step 2 - Milestones sheet | C13: Add milestone rows. Select the customer name from the dropdown (it pulls from Customers automatically).
B14: Step 3 - Action Items | C14: Add action items. Select the customer from the dropdown.
B15: Step 4 - Progress sheet | C15: Add a new row. The customer name formula and all COUNTIFS update automatically.
B16: Step 5 - Dashboard | C16: Add a new row referencing the new Customers row. All KPIs update automatically.
B18: TIPS
B19: Overdue actions | C19: Any action past its due date that is not Complete highlights red automatically.
B20: Progress % | C20: Calculated as Complete milestones / total milestones per phase using COUNTIFS on the Milestones sheet.
B21: Dropdowns | C21: Customer name, Stage, Status, and Priority fields all have dropdown validation.
B22: Color scale | C22: Progress sheet uses a red→amber→green color scale based on % complete per phase.
